text,sentiment
I love this product,Positive
This product is amazing,Positive
Absolutely fantastic experience,Positive
The quality is excellent,Positive
I am very happy with this purchase,Positive
This is the best thing I bought,Positive
Highly recommended for everyone,Positive
The service was wonderful,Positive
I really enjoyed using it,Positive
This made my day better,Positive
The food was delicious,Positive
The cake was beautifully baked,Positive
The taste was incredible,Positive
The restaurant experience was amazing,Positive
The staff was very friendly,Positive
She is very kind and beautiful,Positive
He is an amazing person,Positive
This movie was fantastic,Positive
I loved every moment of this show,Positive
The performance was outstanding,Positive
The app works perfectly,Positive
The website design is beautiful,Positive
The product exceeded my expectations,Positive
I am satisfied with the results,Positive
This is a great experience,Positive
The delivery was fast and smooth,Positive
The packaging was excellent,Positive
The quality is better than expected,Positive
I would buy this again,Positive
This is worth every penny,Positive
The customer support was helpful,Positive
The experience was pleasant,Positive
I feel happy after using this,Positive
This solution is very useful,Positive
The update improved everything,Positive
The new design looks amazing,Positive
The camera quality is impressive,Positive
The laptop performance is excellent,Positive
The phone battery is fantastic,Positive
The product feels premium,Positive
This book is interesting and inspiring,Positive
The teacher explained everything well,Positive
The class was enjoyable,Positive
The project was successful,Positive
The results are impressive,Positive
The idea is brilliant,Positive
I appreciate your help,Positive
Thank you for the amazing service,Positive
This is a lovely experience,Positive
I am excited about this,Positive
The game is fun and enjoyable,Positive
This product is terrible,Negative
I hate this product,Negative
This was the worst purchase ever,Negative
The quality is very poor,Negative
I am extremely disappointed,Negative
This service is horrible,Negative
I will never buy this again,Negative
The experience was awful,Negative
This product is useless,Negative
Very bad quality product,Negative
The food was disgusting,Negative
The cake tasted terrible,Negative
The restaurant service was disappointing,Negative
The staff was rude,Negative
The movie was boring and bad,Negative
I disliked every part of this show,Negative
The performance was disappointing,Negative
The app crashes all the time,Negative
The website is slow and frustrating,Negative
The product did not meet expectations,Negative
I am unhappy with this purchase,Negative
This is not worth the money,Negative
The delivery was late and bad,Negative
The packaging was damaged,Negative
The product feels cheap,Negative
Customer support was not helpful,Negative
The experience was unpleasant,Negative
This made me feel angry,Negative
The update ruined everything,Negative
The new design looks terrible,Negative
The camera quality is poor,Negative
The laptop performance is very slow,Negative
The phone battery is disappointing,Negative
This book was boring,Negative
The teacher explained poorly,Negative
The class was frustrating,Negative
The project failed completely,Negative
The results are disappointing,Negative
The idea is not useful,Negative
I regret buying this,Negative
I am not satisfied with the result,Negative
This is a waste of time,Negative
The game is boring and annoying,Negative
The service quality is unacceptable,Negative
I received a damaged product,Negative
The experience was stressful,Negative
I expected much better,Negative
This product caused problems,Negative
The quality needs improvement,Negative
I do not recommend this product,Negative
Everything about this was bad,Negative
I am feeling very happy today,Positive
I had a great experience with this service,Positive
This is exactly what I wanted,Positive
The product arrived in perfect condition,Positive
I am impressed by the performance,Positive
The quality of this item is amazing,Positive
This is a wonderful invention,Positive
The design is creative and attractive,Positive
I enjoyed this meal a lot,Positive
The coffee tastes really good,Positive
This dessert is sweet and delicious,Positive
The recipe turned out perfect,Positive
The presentation looks beautiful,Positive
The place has a nice atmosphere,Positive
Everyone was helpful and supportive,Positive
I feel grateful for this opportunity,Positive
This achievement makes me proud,Positive
The results are better than expected,Positive
I learned something valuable today,Positive
This experience changed my life positively,Positive
I am excited to use this product,Positive
The software is easy to use,Positive
The application is fast and reliable,Positive
The features are very useful,Positive
The interface looks clean and modern,Positive
This solution saved my time,Positive
The instructions were clear and simple,Positive
The customer experience was excellent,Positive
I would definitely recommend this,Positive
This deserves five stars,Positive
I feel disappointed with this product,Negative
This was a complete failure,Negative
I had a very bad experience today,Negative
The product stopped working quickly,Negative
The quality was worse than expected,Negative
I feel frustrated using this application,Negative
The service took too long,Negative
The response was not helpful,Negative
The instructions were confusing,Negative
The design looks outdated,Negative
The food was cold and tasteless,Negative
The drink was not good,Negative
The recipe failed completely,Negative
The place was dirty and uncomfortable,Negative
Nobody helped me properly,Negative
I feel upset about this decision,Negative
This situation is very disappointing,Negative
The result was not acceptable,Negative
I wasted my money on this,Negative
This product has many issues,Negative
I cannot recommend this to anyone,Negative
I absolutely love this new product,Positive
This is one of the best experiences I have ever had,Positive
The quality is outstanding and impressive,Positive
I am completely satisfied with this service,Positive
This product makes my life easier,Positive
The performance is smooth and excellent,Positive
I enjoyed every single moment,Positive
The experience was delightful and memorable,Positive
The customer team was polite and helpful,Positive
The result was amazing and successful,Positive
This technology is innovative and useful,Positive
The application is working perfectly,Positive
The user interface is beautiful and simple,Positive
The design is elegant and attractive,Positive
The product looks premium and stylish,Positive
The delivery experience was excellent,Positive
The package arrived safely and quickly,Positive
I am happy with my decision,Positive
This purchase was completely worth it,Positive
I would happily recommend this to others,Positive
The service exceeded my expectations,Positive
This is a fantastic solution,Positive
I feel confident using this product,Positive
The experience brought me joy,Positive
This is truly impressive work,Positive
I regret purchasing this item,Negative
This product is a complete disappointment,Negative
I am unhappy with the service provided,Negative
The quality is extremely bad,Negative
This was a terrible experience,Negative
The product performance is very poor,Negative
I am frustrated with this application,Negative
The system keeps failing,Negative
The design is confusing and unattractive,Negative
The product does not work properly,Negative
The delivery was extremely slow,Negative
The package arrived damaged,Negative
The customer service was disappointing,Negative
I received no useful support,Negative
The experience was stressful and annoying,Negative
This purchase was a mistake,Negative
I wasted my money on this product,Negative
The result was disappointing,Negative
The application has too many problems,Negative
The features are not useful,Negative
The product quality is unacceptable,Negative
I will not recommend this service,Negative
This is the worst experience ever,Negative
I am tired of these problems,Negative
Everything went wrong with this product,Negative
This service failed completely,Negative
I feel unhappy and disappointed,Negative